,count,mean,median,std,min,max
quantity,200.0,10.64,10.0,5.679054348345091,1.0,20.0
unit_price,200.0,202.38770000000005,60.2,331.7742197779331,11.04,1499.91
revenue,200.0,2020.9509500000004,609.18,3923.2636551347277,24.23,29972.0
